Added new client!,2022/05/10 17:49:03
Added new client!,2022/05/10 17:50:30
Added new client!,2022/05/10 17:52:35
Added new client!,2022/05/10 18:30:47
Added new client!,2022/05/10 18:42:56
Added new client!,2022/05/10 19:46:01
Added new bill!,2022/05/10 20:14:18
Added new bill!,2022/05/10 20:17:34
Added new bill!,2022/05/10 20:24:03
Added new bill!,2022/05/10 20:27:02
Added new bill!,2022/05/10 20:30:48
Added new client!,2022/05/10 22:07:15
Added new client!,2022/05/10 22:13:03
Added new client!,2022/05/10 22:19:14
